"","subjectID","StartDate","LocationLatitude","LocationLongitude","gender","age","education","ethnicity","father_education","mother_education","marital_status","employment_status","children_1","income","parents_income","net_worth","parents_net_worth","housing_status","macarthur_sss","macarthur_sss_parent","job","accomplishments","weight","height","bmi","sat_score","gre_score_verbal","gre_score_quant","gpa_highschool","gpa_undergrad"
"1",1,"2021-10-21 12:52:22","12.9633941650390625","77.58551025390625","Female","20","High school degree or equivalent (e.g. GED)","American Indian or Alaska Native","Doctorate or professional degree (e.g. MD, DDS, PhD)","High school degree or equivalent (e.g. GED)","Single (never married)","Student","0","Less than $10,000","Less than $10,000","$10,000 to $19,999",NA,"Rent","8","6","student","finished a marathon","160",172.72,24.3787842089682,NA,NA,NA,"11",NA
"2",2,"2021-10-21 12:51:24","43.795196533203125","-79.266998291015625","Male","18","High school degree or equivalent (e.g. GED)","Other","Bachelor's degree (e.g. BA, BS)","Bachelor's degree (e.g. BA, BS)","Single (never married)","Student","0","$40,000 to $49,999","$40,000 to $49,999","$40,000 to $49,999","$40,000 to $49,999","Live with family","5","3","Student","valedictorian, had my writing published multiple times, formed a band and released our first EP, got my G2 license","130",167.64,21.026421550297,NA,NA,NA,"12",NA
"3",3,"2021-10-21 12:41:20","43.665496826171875","-79.42040252685546875","Female","19","High school degree or equivalent (e.g. GED)","Asian","Master's degree (e.g. MA, MS, MEd)","Bachelor's degree (e.g. BA, BS)","Single (never married)","Student","0","Less than $10,000","$50,000 to $59,999","Less than $10,000","$100,000 to $149,999","Rent","6","7","student","university scholar","132",160.02,23.4316417234497,NA,NA,NA,"13",NA
"4",4,"2021-10-21 12:44:29","43.665496826171875","-79.42040252685546875","Female","21","High school degree or equivalent (e.g. GED)","Asian","Master's degree (e.g. MA, MS, MEd)","Some college, no degree","Single (never married)","Employed part time (up to 39 hours per week)","0","$10,000 to $19,999","$20,000 to $29,999","$20,000 to $29,999",NA,"Live with family","7","4","Student and library employee","becoming independent","100",152.4,19.5707462121995,NA,NA,NA,"13",NA
"5",5,"2021-10-21 12:42:04","47.57000732421875","-52.78099822998046875","Female","18","High school degree or equivalent (e.g. GED)","Asian","Less than a high school diploma","Less than a high school diploma","Single (never married)","Student","0","Less than $10,000","$80,000 to $89,999","Less than $10,000","$80,000 to $89,999","Live with family","5","4","student","MVP for sports team during High School, Being a member in Junior Achievement, and getting into university.","130",165.1,21.6783650350517,NA,NA,NA,"12",NA
"6",6,"2021-10-21 12:51:57","49.817901611328125","-97.15350341796875","Male","18","High school degree or equivalent (e.g. GED)","Asian","Doctorate or professional degree (e.g. MD, DDS, PhD)","Master's degree (e.g. MA, MS, MEd)","Single (never married)","Student","0","Less than $10,000","$50,000 to $59,999","Less than $10,000","$20,000 to $29,999","Live with family","4","3","Student",NA,"133",172.72,20.2648643737048,NA,NA,NA,"12",NA
"7",7,"2021-10-21 12:50:45","49.1616973876953125","-123.1750030517578125","Female","19","High school degree or equivalent (e.g. GED)","Asian","Bachelor's degree (e.g. BA, BS)","Bachelor's degree (e.g. BA, BS)","Single (never married)","Student","0","$10,000 to $19,999",NA,"$30,000 to $39,999",NA,"Live with family","7","8","Student and employee at a food court restaurant","Graduated high school with honours, got a job, was accepted into a good university","125",165.1,20.8445817644728,NA,NA,NA,"11",NA
"8",8,"2021-10-21 12:43:34","43.6638031005859375","-79.39990234375","Female","18","High school degree or equivalent (e.g. GED)","Black or African American","Doctorate or professional degree (e.g. MD, DDS, PhD)","Doctorate or professional degree (e.g. MD, DDS, PhD)","Single (never married)","Student","0","Less than $10,000","$80,000 to $89,999","$10,000 to $19,999","$1 million to $2 million","Rent","5","6","Student","getting into university, graduating high school with honours compliment","108",157.48,19.7947609971466,NA,NA,NA,"13",NA
"9",9,"2021-10-21 13:15:32","31.5821990966796875","74.329193115234375","Female","19","High school degree or equivalent (e.g. GED)","Other","High school degree or equivalent (e.g. GED)","Bachelor's degree (e.g. BA, BS)","Single (never married)","Student","0","Less than $10,000","$10,000 to $19,999","Less than $10,000","$20,000 to $29,999","Live with family","5","6","full time student","getting into my dream university","105",160.02,18.6388059163805,"1400",NA,NA,"13",NA
"10",10,"2021-10-21 12:58:49","43.665496826171875","-79.42040252685546875","Male","18","High school degree or equivalent (e.g. GED)","Asian","Master's degree (e.g. MA, MS, MEd)","Bachelor's degree (e.g. BA, BS)","Single (never married)","Student","0","Less than $10,000","$10,000 to $19,999","$10,000 to $19,999","$100,000 to $149,999","Rent","4","5","student","studies","123",149.86,24.8949337051478,NA,NA,NA,"13",NA
"11",11,"2021-10-21 13:14:40","19.074798583984375","72.8856048583984375","Female","18","High school degree or equivalent (e.g. GED)","Asian","High school degree or equivalent (e.g. GED)","Some college, no degree","Single (never married)","Student","0","$10,000 to $19,999","$30,000 to $39,999","$30,000 to $39,999","$20,000 to $29,999","Live with family","5","5","student","competed in many sports","105",165.1,17.5094486821572,NA,NA,NA,"10",NA
"12",12,"2021-10-21 12:52:59","43.6425933837890625","-79.40019989013671875","Female","18","High school degree or equivalent (e.g. GED)","Asian","Bachelor's degree (e.g. BA, BS)","Bachelor's degree (e.g. BA, BS)","Single (never married)","Student","0","Less than $10,000",NA,"Less than $10,000",NA,"Live with family","4","6","student","high school diploma and volunteering","119",157.48,21.8108940616708,NA,NA,NA,"12",NA
"13",13,"2021-10-21 13:18:19","43.848297119140625","-79.33489990234375","Other","18","High school degree or equivalent (e.g. GED)","Asian","Bachelor's degree (e.g. BA, BS)","Bachelor's degree (e.g. BA, BS)","Single (never married)","Student","0","$100,000 to $149,999","$100,000 to $149,999","$500,000 to $1 million","$250,000 to $499,999","Live with family","5","4","student","graduated with honours, CPR certified","141",162.56,24.253200139923,NA,NA,NA,"11",NA
"14",14,"2021-10-21 12:53:26","43.749298095703125","-79.39080047607421875","Female","18","High school degree or equivalent (e.g. GED)","White","Associate degree (e.g. AA, AS)","Less than a high school diploma","Single (never married)","Student","0","Less than $10,000","$50,000 to $59,999","Less than $10,000","Less than $10,000","Rent","3","2","student","winning TaeKwon-do tournaments as a child, running cross country in school, learning to play instruments like guitar and bass on my own","160",160.02,28.4019899678179,NA,NA,NA,"13",NA
"15",15,"2021-10-21 13:23:09","43.752197265625","-79.32939910888671875","Female","18","High school degree or equivalent (e.g. GED)","White","Associate degree (e.g. AA, AS)","Associate degree (e.g. AA, AS)","Single (never married)","Student","0","Less than $10,000","$40,000 to $49,999","$10,000 to $19,999","$20,000 to $29,999","Live with family","4","4","student","earned third degree black belt, honor roll all years, lieutenant governors award recipient","190",170.18,29.8204286236232,NA,NA,NA,"13",NA
"16",16,"2021-10-21 13:06:06","43.7830047607421875","-79.412200927734375","Female","18","High school degree or equivalent (e.g. GED)","Asian","Master's degree (e.g. MA, MS, MEd)","Master's degree (e.g. MA, MS, MEd)","Single (never married)","Employed part time (up to 39 hours per week)","0","Less than $10,000",NA,"Less than $10,000",NA,"Live with family","5","6","Student, McDonald employee","MVP and Rookie of the year for my school's softball team, passed my G1 driver's test, achieved honour roll status all four years of high school.","148",165.1,24.6799848091358,NA,NA,NA,"13",NA
"17",17,"2021-10-21 13:01:26","43.860504150390625","-79.16179656982421875","Female","18","High school degree or equivalent (e.g. GED)","Other","Bachelor's degree (e.g. BA, BS)","Bachelor's degree (e.g. BA, BS)","Single (never married)","Student","0","Less than $10,000","$90,000 to $99,999","$10,000 to $19,999","$50,000 to $59,999","Live with family","4","5","student","spoke at a vigil for the London Muslim family killed, graduated high school with an overall average of 96--97%","130",167.64,21.026421550297,NA,NA,NA,"13",NA
"18",18,"2021-10-21 13:36:45","43.878997802734375","-79.26380157470703125","Female","18","High school degree or equivalent (e.g. GED)","Asian","Less than a high school diploma","Less than a high school diploma","Single (never married)","Student","0","Less than $10,000","$60,000 to $69,999","$1 million to $2 million","$60,000 to $69,999","Own with mortgage","7","5","Student","Completed a 3 hour dance performance with little to no breaks","145",170.18,22.7576955285545,NA,NA,NA,"12",NA
"19",19,"2021-10-21 12:48:31","6.4474029541015625","3.3903045654296875","Female","18","High school degree or equivalent (e.g. GED)","Black or African American","Master's degree (e.g. MA, MS, MEd)","Master's degree (e.g. MA, MS, MEd)","Single (never married)","Student","0","Less than $10,000","$60,000 to $69,999","Less than $10,000",NA,"Live with family","6","4","Student","winning a national art competition, attending swim fests, getting on the honors role in high school, my prefect positions in primary school and high school","147",170.18,23.0715947772243,NA,NA,NA,"13",NA
"20",20,"2021-10-21 14:00:15","43.8677978515625","-79.4420013427734375","Female","18","High school degree or equivalent (e.g. GED)","Asian","Associate degree (e.g. AA, AS)","Less than a high school diploma","Single (never married)","Student","0","Less than $10,000","$40,000 to $49,999","Less than $10,000","$100,000 to $149,999","Rent","5","5","Student","Honor roll","130",160.02,23.076616848852,NA,NA,NA,"11",NA
"21",21,"2021-10-21 13:26:56","43.6425933837890625","-79.40019989013671875","Female","18","High school degree or equivalent (e.g. GED)","Asian","Bachelor's degree (e.g. BA, BS)","Master's degree (e.g. MA, MS, MEd)","Single (never married)","Student","0","Less than $10,000","$90,000 to $99,999","Less than $10,000","$150,000 to $249,999","Rent","6","7","none","honouralll","106",165.1,17.676205336273,NA,NA,NA,"13",NA
"22",22,"2021-10-21 13:08:57","43.795196533203125","-79.266998291015625","Female","18","High school degree or equivalent (e.g. GED)","Asian","High school degree or equivalent (e.g. GED)","High school degree or equivalent (e.g. GED)","Single (never married)","Student","0","Less than $10,000","$100,000 to $149,999","Less than $10,000","Less than $10,000","Live with family","6","4","student","Governor General's Academic Medal, Most Improved Player of the Senior Girls Basketball Team","100",NA,NA,NA,NA,NA,"13",NA
"23",23,"2021-10-21 13:59:23","43.795196533203125","-79.266998291015625","Female","18","High school degree or equivalent (e.g. GED)","Other","Associate degree (e.g. AA, AS)","Some college, no degree","Single (never married)","Employed part time (up to 39 hours per week)","0","Less than $10,000","$50,000 to $59,999","$10,000 to $19,999","$40,000 to $49,999","Live with family","4","4","Part time worker at Mcdonald's","Honor Roll","85",157.48,15.5792100440506,NA,NA,NA,"11",NA
"24",24,"2021-10-21 14:03:14","43.766998291015625","-79.18280029296875","Female","18","High school degree or equivalent (e.g. GED)","Asian","High school degree or equivalent (e.g. GED)","Some college, no degree","Single (never married)","Student","0","Less than $10,000","$80,000 to $89,999","$20,000 to $29,999","$70,000 to $79,999","Live with family","3","4","Student","SHSM, Honour Roll, Dance Awards, High School Graduation, Worked a job","123",160.02,21.83402978776,NA,NA,NA,"12",NA
"25",25,"2021-10-21 13:47:42","43.848297119140625","-79.33489990234375","Female","18","High school degree or equivalent (e.g. GED)","Asian","Master's degree (e.g. MA, MS, MEd)","Some college, no degree","Single (never married)","Student","0","Less than $10,000","$100,000 to $149,999","$20,000 to $29,999","$250,000 to $499,999","Live with family","6","9","student, clinical assistant","academic scholarship, mathematics award","150",167.64,24.261255634958,NA,NA,NA,"13",NA
"26",26,"2021-10-21 13:10:45","43.5989990234375","-79.68849945068359375","Female","18","High school degree or equivalent (e.g. GED)","Asian","Some college, no degree","Bachelor's degree (e.g. BA, BS)","Single (never married)","Student","0","Less than $10,000","$90,000 to $99,999","Less than $10,000","$100,000 to $149,999","Live with family","3","6","student","graduating high school, entering undergraduate studies","82",149.86,16.5966224700985,NA,NA,NA,"12",NA
"27",27,"2021-10-21 13:46:01","43.96710205078125","-79.24230194091796875","Female","18","High school degree or equivalent (e.g. GED)","Other","Less than a high school diploma","High school degree or equivalent (e.g. GED)","Single (never married)","Employed part time (up to 39 hours per week)","0","Less than $10,000","$40,000 to $49,999","Less than $10,000",NA,"Live with family","3","3","sales rep","graduating with honours, getting into the program I'm in now","121",160.02,21.4790049131623,NA,NA,NA,"12",NA
"28",28,"2021-10-21 14:06:06","43.688201904296875","-79.4539031982421875","Male","19","High school degree or equivalent (e.g. GED)","Other","Master's degree (e.g. MA, MS, MEd)","Master's degree (e.g. MA, MS, MEd)","Single (never married)","Self-employed","0","$10,000 to $19,999","$400,000 or more","$20,000 to $29,999","$2 million to $5 million","Live with family","8","8","Actor","Ran a 100km Ultramarathon, Rescue certified scuba diver, saved a 3 day old puppy and adopted him","115",175.26,17.0180401845213,"1080",NA,NA,"11",NA
"29",29,"2021-10-21 14:23:14","43.96710205078125","-79.24230194091796875","Female","18","High school degree or equivalent (e.g. GED)","Asian","High school degree or equivalent (e.g. GED)","High school degree or equivalent (e.g. GED)","Single (never married)","Student","0","Less than $10,000","$60,000 to $69,999","$10,000 to $19,999","$100,000 to $149,999","Live with family","5","2","Student","Won awards in school","117",157.48,21.4443244135755,NA,NA,NA,"11",NA
"30",30,"2021-10-21 14:10:11","43.6638031005859375","-79.39990234375","Female","18","High school degree or equivalent (e.g. GED)","Asian","Master's degree (e.g. MA, MS, MEd)","Master's degree (e.g. MA, MS, MEd)","Single (never married)","Student","0","Less than $10,000","$100,000 to $149,999","Less than $10,000","$100,000 to $149,999","Rent","5","5","Student","Writing a poem, drawing human anatomy","143",160.02,25.3842785337372,NA,NA,NA,"10",NA
"31",31,"2021-10-21 13:54:44","43.665496826171875","-79.42040252685546875","Male","18","High school degree or equivalent (e.g. GED)","Asian","Bachelor's degree (e.g. BA, BS)","Bachelor's degree (e.g. BA, BS)","Single (never married)","Employed part time (up to 39 hours per week)","0","$10,000 to $19,999","$60,000 to $69,999","$20,000 to $29,999","$90,000 to $99,999","Live with family","4","3","retail worker","paramedic in training, graduated high school, got into desired university","195",190.5,24.424291272825,NA,NA,NA,"11",NA
"32",32,"2021-10-21 14:16:43","43.678497314453125","-79.2935028076171875","Other","18","High school degree or equivalent (e.g. GED)","Other","Some college, no degree","High school degree or equivalent (e.g. GED)","Single (never married)","Student","0","Less than $10,000","$70,000 to $79,999","Less than $10,000","$250,000 to $499,999","Live with family","4","6","Student, part-time tutor","OFSAA (Ontario federation school of athletic associations) bronze medal in competitive golf, made it on the women's varsity blues golf team, getting my tutoring job","106",NA,NA,NA,NA,NA,"13",NA
"33",33,"2021-10-21 14:10:23","43.838592529296875","-79.02300262451171875","Male","18","High school degree or equivalent (e.g. GED)","Asian","Bachelor's degree (e.g. BA, BS)","Less than a high school diploma","Single (never married)","Student","0","Less than $10,000","$150,000 to $249,999","Less than $10,000","$2 million to $5 million","Live with family","6","4","student","valedictorian and music award","145",172.72,22.0932731893775,NA,NA,NA,"13",NA
"34",34,"2021-10-21 21:13:01","43.665496826171875","-79.42040252685546875","Male","18","High school degree or equivalent (e.g. GED)","Asian","Bachelor's degree (e.g. BA, BS)","Bachelor's degree (e.g. BA, BS)","Single (never married)","Student","0","Less than $10,000","$80,000 to $89,999","Less than $10,000","$90,000 to $99,999","Rent","6","8","student","finished highschool, studying life sciences at UTSC, continue to work on physical and mental fitness","125",165.1,20.8445817644728,NA,NA,NA,"12",NA
"35",35,"2021-10-21 22:02:48","43.665496826171875","-79.42040252685546875","Male","18","High school degree or equivalent (e.g. GED)","Asian","Bachelor's degree (e.g. BA, BS)","Master's degree (e.g. MA, MS, MEd)","Single (never married)","Student","0","Less than $10,000","$100,000 to $149,999","Less than $10,000","$60,000 to $69,999","Other","7","8","student","basketball tournament mvp, ted talk, volunteer work","177",182.88,24.0557088858285,"1490",NA,NA,"12",NA
"36",36,"2021-10-22 02:04:14","43.75360107421875","-79.30719757080078125","Female","18","High school degree or equivalent (e.g. GED)","Asian","Less than a high school diploma","Less than a high school diploma","Single (never married)","Student","0","Less than $10,000","Less than $10,000","$10,000 to $19,999","$30,000 to $39,999","Live with family","4","5","Student","Ontario secondary school scholar","110",NA,NA,NA,NA,NA,"12",NA
"37",37,"2021-10-22 05:17:06","23.7263031005859375","90.431793212890625","Female","18","High school degree or equivalent (e.g. GED)","Asian","Master's degree (e.g. MA, MS, MEd)","Master's degree (e.g. MA, MS, MEd)","Single (never married)","Student","0","Less than $10,000",NA,"Less than $10,000",NA,"Live with family","6","6","student","Birks medal","123",NA,NA,NA,NA,NA,"13",NA
"38",38,"2021-10-22 09:45:43","45.61279296875","-73.61859893798828125","Female","18","High school degree or equivalent (e.g. GED)","Asian","Master's degree (e.g. MA, MS, MEd)","Bachelor's degree (e.g. BA, BS)","Single (never married)","Student","0","$60,000 to $69,999","$60,000 to $69,999","$70,000 to $79,999","$60,000 to $69,999","Live with family","5","5","student","team captain, grade 8 in piano and saxophone","136",165.1,22.6789049597464,NA,NA,NA,"10",NA
"39",39,"2021-10-22 14:55:48","43.8170013427734375","-79.28710174560546875","Female","18","High school degree or equivalent (e.g. GED)","Asian","Less than a high school diploma","Less than a high school diploma","Single (never married)","Student","0","Less than $10,000","$50,000 to $59,999","Less than $10,000","$500,000 to $1 million","Live with family","5","6","Student","Valedictorian, honour roll student, scholarship recipient","110",160.02,19.5263681028748,NA,NA,NA,"13",NA
"40",40,"2021-10-22 20:03:31","43.7693023681640625","-79.2444000244140625","Female","19","High school degree or equivalent (e.g. GED)","Asian","Doctorate or professional degree (e.g. MD, DDS, PhD)","Bachelor's degree (e.g. BA, BS)","Single (never married)","Student","0","Less than $10,000","$100,000 to $149,999","Less than $10,000","$100,000 to $149,999","Rent","6","7","student","student council president, toastmasters winner, uoft scholar, debate winner","116",160.02,20.5914427266679,NA,NA,NA,"13",NA
"41",41,"2021-10-22 23:39:56","43.6027984619140625","-79.6529998779296875","Female","18","High school degree or equivalent (e.g. GED)","White","Some college, no degree","High school degree or equivalent (e.g. GED)","Single (never married)","Student","0","Less than $10,000","$70,000 to $79,999","Less than $10,000",NA,"Live with family","5","6","student","honour roll, university scholarship, university acceptance(s)","135",170.18,21.188199285206,NA,NA,NA,"13",NA
"42",42,"2021-10-22 23:58:25","43.766998291015625","-79.18280029296875","Female","18","High school degree or equivalent (e.g. GED)","Asian","High school degree or equivalent (e.g. GED)","Bachelor's degree (e.g. BA, BS)","Single (never married)","Student","0","Less than $10,000","$100,000 to $149,999","Less than $10,000","$40,000 to $49,999","Live with family","8","5","Student","High school volleyball MIP and MVP and honour roll for 4 years","142",157.48,26.0264450147669,NA,NA,NA,"12",NA
"43",43,"2021-10-23 12:45:39","28.654205322265625","77.2373046875","Female","18","High school degree or equivalent (e.g. GED)","Asian","Master's degree (e.g. MA, MS, MEd)","Master's degree (e.g. MA, MS, MEd)","Single (never married)","Student","0","Less than $10,000","$40,000 to $49,999","Less than $10,000",NA,"Live with family","7","6","student","completing On Liberty by J S Mill, making listening and reading the news for two hours daily a habit.","117",162.56,20.1249958607872,NA,NA,NA,"13",NA
"44",44,"2021-10-24 19:00:51","43.860504150390625","-79.16179656982421875","Other","44","Some college, no degree","Black or African American","High school degree or equivalent (e.g. GED)","Associate degree (e.g. AA, AS)","Single (never married)","Student","1","$30,000 to $39,999","$30,000 to $39,999","Less than $10,000","$30,000 to $39,999","Live with family","4","4","student","valedictorian, dean's list, graduating TYP. Having the opportunity to be around some of the brightest minds, being a Black mature student at such a prominent school.","143",165.1,23.8462015385569,NA,NA,NA,"10",NA
"45",45,"2021-10-25 13:23:35","43.733795166015625","-79.33249664306640625","Female","18","High school degree or equivalent (e.g. GED)","Asian","Bachelor's degree (e.g. BA, BS)","Doctorate or professional degree (e.g. MD, DDS, PhD)","Single (never married)","Unemployed not currently looking for work","0","$30,000 to $39,999","$30,000 to $39,999","Less than $10,000","$50,000 to $59,999","Own with mortgage","6","3","umemployed","sprinting, frisbee award","160",170.18,25.1119398935774,NA,NA,NA,"8",NA
"46",46,"2021-10-25 15:23:58","43.658905029296875","-79.38739776611328125","Female","18","High school degree or equivalent (e.g. GED)","Asian","Bachelor's degree (e.g. BA, BS)","Bachelor's degree (e.g. BA, BS)","Single (never married)","Student","0","Less than $10,000","$60,000 to $69,999","$10,000 to $19,999","$150,000 to $249,999","Live with family","2","5","student, part time sales associate","sports team MVP, 5 years on honour roll","93",152.4,18.2007939773455,NA,NA,NA,"13",NA
"47",47,"2021-10-26 07:06:16","43.8762054443359375","-78.9261016845703125","Female","18","High school degree or equivalent (e.g. GED)","Asian","Bachelor's degree (e.g. BA, BS)","Bachelor's degree (e.g. BA, BS)","Single (never married)","Employed part time (up to 39 hours per week)","0","Less than $10,000","$100,000 to $149,999","Less than $10,000","$150,000 to $249,999","Live with family","8","9","student, piano teacher, vocal teacher","RCM ARCT diploma in piano pedagogy and music theory, arangetram,","106",NA,NA,NA,NA,NA,"12",NA
"48",48,"2021-10-26 09:03:44","43.665496826171875","-79.42040252685546875","Female","18","High school degree or equivalent (e.g. GED)","Asian","Associate degree (e.g. AA, AS)","Some college, no degree","Single (never married)","Student","0","Less than $10,000","$70,000 to $79,999","$10,000 to $19,999","$30,000 to $39,999","Live with family","5","5","student","getting into university","135",NA,NA,NA,NA,NA,"10",NA
"49",49,"2021-10-26 10:06:00","43.792205810546875","-79.1522979736328125","Female","18","High school degree or equivalent (e.g. GED)","Asian","Bachelor's degree (e.g. BA, BS)","Bachelor's degree (e.g. BA, BS)","Single (never married)","Self-employed","0","Less than $10,000","$100,000 to $149,999","$10,000 to $19,999","$500,000 to $1 million","Own with mortgage","6","6","student, part-time piano teacher","graduated high school with honours with distinction, finished up to RCM level 10 for piano, ultimate frisbee team won first in Nationals","120",160.02,21.3014924758634,NA,NA,NA,"13",NA
"50",50,"2021-10-26 11:29:13","43.8762054443359375","-78.9261016845703125","Female","18","High school degree or equivalent (e.g. GED)","Asian","Bachelor's degree (e.g. BA, BS)","High school degree or equivalent (e.g. GED)","Single (never married)","Student","0","Less than $10,000","$60,000 to $69,999","Less than $10,000","$90,000 to $99,999","Live with family","8","4","student","DECA placements","175",162.56,30.1014895353654,NA,NA,NA,"10",NA
"51",51,"2021-10-26 11:17:27","43.6981964111328125","-79.40720367431640625","Female","19","High school degree or equivalent (e.g. GED)","Asian","Bachelor's degree (e.g. BA, BS)","Bachelor's degree (e.g. BA, BS)","Single (never married)","Student","0","Less than $10,000","$20,000 to $29,999","Less than $10,000","$30,000 to $39,999","Rent","8","5","First year student","Being able to set up an action summit, getting into UOFT, living in Canada, Being able to do a dance performance at a carpet museum, getting a scholarship","110",165.1,18.3432319527361,NA,NA,NA,"12",NA
"52",52,"2021-10-26 12:38:09","43.8170013427734375","-79.28710174560546875","Female","18","High school degree or equivalent (e.g. GED)","Asian","High school degree or equivalent (e.g. GED)","Less than a high school diploma","Single (never married)","Student","0","Less than $10,000","$20,000 to $29,999","Less than $10,000","$20,000 to $29,999","Live with family","4","4","Student","Graduated high school, got honour roll consecutively in high school","132",162.56,22.7051235352471,NA,NA,NA,"11",NA
"53",53,"2021-10-26 13:00:17","43.658905029296875","-79.38739776611328125","Female","18","High school degree or equivalent (e.g. GED)","Asian","Bachelor's degree (e.g. BA, BS)","Bachelor's degree (e.g. BA, BS)","Single (never married)","Student","0","Less than $10,000","$10,000 to $19,999","Less than $10,000","Less than $10,000","Own with mortgage","4","4","full time student","high school achievements, and skate canada level passings","112",157.48,20.5279002933372,NA,NA,NA,"11",NA
"54",54,"2021-10-26 12:36:50","43.76800537109375","-79.214202880859375","Male","22","Bachelor's degree (e.g. BA, BS)","Asian","Less than a high school diploma","Associate degree (e.g. AA, AS)","Single (never married)","Student","0","Less than $10,000","$60,000 to $69,999","Less than $10,000","$1 million to $2 million","Own with mortgage","5","4","student","almost finished my bachelors","192",172.72,29.2545410507619,NA,NA,NA,"12","7"
"55",55,"2021-10-26 11:56:21","51.045501708984375","-114.19879913330078125","Female","18","High school degree or equivalent (e.g. GED)","Asian","High school degree or equivalent (e.g. GED)","Associate degree (e.g. AA, AS)","Single (never married)","Student","0","Less than $10,000","$150,000 to $249,999","Less than $10,000","$100,000 to $149,999","Rent","7","9","student","getting into university","112",160.02,19.8813929774725,NA,NA,NA,"12",NA
"56",56,"2021-10-26 13:01:33","43.860504150390625","-79.16179656982421875","Female","18","High school degree or equivalent (e.g. GED)","Asian","Bachelor's degree (e.g. BA, BS)","Some college, no degree","Single (never married)","Employed part time (up to 39 hours per week)","0","$20,000 to $29,999","$250,000 to $399,999","$20,000 to $29,999","$500,000 to $1 million","Live with family","7","8","Student, part time barista","Honour Role, Organizing an Multicultural Night at School","200",170.18,31.3899248669718,NA,NA,NA,"13",NA
"57",57,"2021-10-26 12:33:13","43.666107177734375","-79.52899932861328125","Male","18","High school degree or equivalent (e.g. GED)","White","Bachelor's degree (e.g. BA, BS)","Bachelor's degree (e.g. BA, BS)","Single (never married)","Student","0","Less than $10,000","$250,000 to $399,999","Less than $10,000","$1 million to $2 million","Live with family","7","8","Student","Writing a piano piece, finishing high school,","195",190.5,24.424291272825,NA,NA,NA,"12",NA
"58",58,"2021-10-26 14:29:09","43.6591033935546875","-79.4626007080078125","Female","18","High school degree or equivalent (e.g. GED)","Asian","High school degree or equivalent (e.g. GED)","Some college, no degree","Single (never married)","Student","0","Less than $10,000",NA,"Less than $10,000",NA,"Live with family","5","4","student","Black belt in taekwondo","120",149.86,24.2877402001441,NA,NA,NA,"12",NA
"59",59,"2021-10-26 14:32:31","43.88409423828125","-79.060699462890625","Female","18","High school degree or equivalent (e.g. GED)","Asian","Bachelor's degree (e.g. BA, BS)","Bachelor's degree (e.g. BA, BS)","Single (never married)","Student","0","Less than $10,000","$10,000 to $19,999","$10,000 to $19,999","$40,000 to $49,999","Live with family","8","9","student","represented my school internationally  (basketball tournament)","132",167.64,21.3499049587631,NA,NA,NA,"12",NA
"60",60,"2021-10-26 15:01:45","43.6667022705078125","-79.380401611328125","Female","18","Some college, no degree","Black or African American","Master's degree (e.g. MA, MS, MEd)","High school degree or equivalent (e.g. GED)","Single (never married)","Student","0","Less than $10,000","$100,000 to $149,999","$20,000 to $29,999","$250,000 to $499,999","Live with family","6","7","student","senior basketball team, maximum Rutherford scholarship","119",160.02,21.1239800385645,NA,"154","164","11",NA
"61",61,"2021-10-21 13:55:56","45.4553985595703125","-73.59459686279296875","Female","20","High school degree or equivalent (e.g. GED)","Asian","Bachelor's degree (e.g. BA, BS)","Master's degree (e.g. MA, MS, MEd)","Single (never married)","Student","0","$40,000 to $49,999","$40,000 to $49,999","$2 million to $5 million","$2 million to $5 million","Rent","5","4","student","scored 97% in grade 12","123",180.34,17.1908875674706,NA,NA,NA,"13",NA
"62",62,"2021-10-26 15:32:41","43.7830047607421875","-79.412200927734375","Female","18","High school degree or equivalent (e.g. GED)","Other","Bachelor's degree (e.g. BA, BS)","Bachelor's degree (e.g. BA, BS)","Single (never married)","Student","0","Less than $10,000","$90,000 to $99,999","Less than $10,000","$90,000 to $99,999","Live with family","6","9","student","stopped someone from committing suicide","100",172.72,15.2367401306051,NA,NA,NA,"12",NA
"63",63,"2021-10-26 15:12:32","49.1887969970703125","-122.843902587890625","Female","18","High school degree or equivalent (e.g. GED)","Asian","Master's degree (e.g. MA, MS, MEd)","Some college, no degree","Single (never married)","Student","0","Less than $10,000","$100,000 to $149,999","Less than $10,000",NA,"Live with family","7","8","student","completing level 10 piano","92",162.56,15.8247830700207,NA,NA,NA,"9",NA
"64",64,"2021-10-26 16:17:30","43.76800537109375","-79.214202880859375","Female","18","High school degree or equivalent (e.g. GED)","Asian","High school degree or equivalent (e.g. GED)","Bachelor's degree (e.g. BA, BS)","Single (never married)","Student","0","Less than $10,000","$50,000 to $59,999","Less than $10,000","$30,000 to $39,999","Live with family","6","6","N/A, I am a student","Academic awards in high-school (honour roll every year, I.B. awards, subject awards, French certificate), I.B. Diploma, OSSD, UofT National Book Award, UofT Scholar","114",152.4,22.3106506819074,NA,NA,NA,"13",NA
"65",65,"2021-10-26 16:09:38","43.7830047607421875","-79.412200927734375","Female","18","High school degree or equivalent (e.g. GED)","Other","Master's degree (e.g. MA, MS, MEd)","Associate degree (e.g. AA, AS)","Single (never married)","Student","0","Less than $10,000",NA,"Less than $10,000",NA,"Live with family","2","7","student","getting into all the universities I applied to","106",167.64,17.1446206487037,NA,NA,NA,"11",NA
"66",66,"2021-10-26 17:24:08","43.7626953125","-79.76059722900390625","Male","19","High school degree or equivalent (e.g. GED)","Other","Master's degree (e.g. MA, MS, MEd)","Master's degree (e.g. MA, MS, MEd)","Single (never married)","Student","0","Less than $10,000","$40,000 to $49,999","Less than $10,000",NA,"Other","4","6","Student","Valedictorian, worked with rohingya refugees","101",162.56,17.3728596746966,NA,NA,NA,"12",NA
"67",67,"2021-10-26 16:13:55","49.6584930419921875","-124.9835052490234375","Female","18","High school degree or equivalent (e.g. GED)","Black or African American","Master's degree (e.g. MA, MS, MEd)","Master's degree (e.g. MA, MS, MEd)","Single (never married)","Student","0","Less than $10,000","$90,000 to $99,999","Less than $10,000","$10,000 to $19,999","Rent","8","6","student","valedictorian","125",162.56,21.5010639538325,NA,NA,NA,"13",NA
"68",68,"2021-10-26 18:19:09","43.7274017333984375","-79.26039886474609375","Male","18","High school degree or equivalent (e.g. GED)","Black or African American","Master's degree (e.g. MA, MS, MEd)","Some college, no degree","Single (never married)","Employed part time (up to 39 hours per week)","0","Less than $10,000","$60,000 to $69,999","Less than $10,000","$80,000 to $89,999","Live with family","4","6","Student","Best all round","194",177.8,27.8943043971431,NA,NA,NA,"13",NA
"69",69,"2021-10-26 19:31:04","43.838592529296875","-79.02300262451171875","Female","18","High school degree or equivalent (e.g. GED)","Asian","Less than a high school diploma","Bachelor's degree (e.g. BA, BS)","Single (never married)","Student","0","Less than $10,000","$70,000 to $79,999","$10,000 to $19,999","$100,000 to $149,999","Live with family","5","5","Student and Part Time Sales Associate","recovering from Anorexia Nervosa","107",152.4,20.9406984470535,NA,NA,NA,"12",NA
"70",70,"2021-10-26 17:13:38","43.6638031005859375","-79.39990234375","Female","18","High school degree or equivalent (e.g. GED)","Asian","Some college, no degree","High school degree or equivalent (e.g. GED)","Single (never married)","Student","0","Less than $10,000","$80,000 to $89,999","Less than $10,000","$20,000 to $29,999","Rent","6","9","student","none","127",180.34,17.7499408216973,NA,NA,NA,"10",NA
"71",71,"2021-10-26 20:02:46","43.6909027099609375","-79.3097991943359375","Female","18","High school degree or equivalent (e.g. GED)","White","Some college, no degree","Some college, no degree","Single (never married)","Student","0","Less than $10,000","$10,000 to $19,999","Less than $10,000","$20,000 to $29,999","Rent","4","6","Student","Honour roll, learning new sports","92",NA,NA,NA,NA,NA,"11",NA
"72",72,"2021-10-26 20:30:00","43.8677978515625","-79.4420013427734375","Male","19","High school degree or equivalent (e.g. GED)","Asian","Bachelor's degree (e.g. BA, BS)","Bachelor's degree (e.g. BA, BS)","Single (never married)","Student","0","Less than $10,000","$80,000 to $89,999","Less than $10,000","$80,000 to $89,999","Live with family","6","6","Student","Marathon","171",NA,NA,NA,NA,NA,"12",NA
"73",73,"2021-10-26 21:06:12","43.69110107421875","-79.335296630859375","Female","18","High school degree or equivalent (e.g. GED)","Asian","Associate degree (e.g. AA, AS)","Bachelor's degree (e.g. BA, BS)","Single (never married)","Student","0","Less than $10,000","$40,000 to $49,999","Less than $10,000","$70,000 to $79,999","Rent","7","7","Student","Finished the IB program","167",160.02,29.6445770289099,"1187",NA,NA,"9",NA
"74",74,"2021-10-26 21:27:07","43.7274017333984375","-79.26039886474609375","Female","18","High school degree or equivalent (e.g. GED)","Asian","Some college, no degree","Some college, no degree","Single (never married)","Student","0","Less than $10,000","$50,000 to $59,999","Less than $10,000","$70,000 to $79,999","Live with family","7","2","student","honour roll in high school","130",165.1,21.6783650350517,NA,NA,NA,"10",NA
"75",75,"2021-10-27 02:58:58","43.5366058349609375","-79.69190216064453125","Female","18","High school degree or equivalent (e.g. GED)","Asian","Some college, no degree","High school degree or equivalent (e.g. GED)","Single (never married)","Employed part time (up to 39 hours per week)","0","Less than $10,000","$60,000 to $69,999","Less than $10,000","$60,000 to $69,999","Live with family","7","7","retail store associate","getting into university, being able to manage my own expenses","147",167.64,23.7760305222589,NA,NA,NA,"9",NA
"76",76,"2021-10-28 14:55:30","43.6638031005859375","-79.39990234375","Female","18","High school degree or equivalent (e.g. GED)","White","Master's degree (e.g. MA, MS, MEd)","Doctorate or professional degree (e.g. MD, DDS, PhD)","Single (never married)","Student","0","Less than $10,000","$150,000 to $249,999","$150,000 to $249,999","$1 million to $2 million","Other","7","7","student","Received university scholarship","140",170.18,21.9729474068803,NA,NA,NA,"13",NA
"77",77,"2021-10-28 14:54:28","43.688201904296875","-79.4539031982421875","Male","18","High school degree or equivalent (e.g. GED)","Asian","Some college, no degree","Bachelor's degree (e.g. BA, BS)","Single (never married)","Unemployed not currently looking for work","0","Less than $10,000","$100,000 to $149,999","Less than $10,000","$500,000 to $1 million","Own with mortgage","6","3","student","Graduated honor roll in elementary and highschool, 2nd in the city for basketball in elementary, Benched 225","174",182.88,23.6479850064077,NA,NA,NA,"13",NA
"78",78,"2021-10-28 14:42:32","43.6399993896484375","-79.4329986572265625","Female","20","High school degree or equivalent (e.g. GED)","Other","Master's degree (e.g. MA, MS, MEd)","Master's degree (e.g. MA, MS, MEd)","Single (never married)","Student","0","Less than $10,000","$100,000 to $149,999","Less than $10,000","$500,000 to $1 million","Live with family","7","8","student","honours list","125",NA,NA,NA,NA,NA,"12",NA
"79",79,"2021-10-28 15:03:44","43.937896728515625","-79.43810272216796875","Female","18","High school degree or equivalent (e.g. GED)","Asian","High school degree or equivalent (e.g. GED)","High school degree or equivalent (e.g. GED)","Single (never married)","Student","0","Less than $10,000","$80,000 to $89,999","Less than $10,000","$90,000 to $99,999","Live with family","7","5","student","completed high school, finished cross country","104",157.48,19.061621700956,NA,NA,NA,"12",NA
"80",80,"2021-10-28 15:45:00","43.7987060546875","-79.3218994140625","Female","18","High school degree or equivalent (e.g. GED)","Asian","Bachelor's degree (e.g. BA, BS)","High school degree or equivalent (e.g. GED)","Single (never married)","Student","0","Less than $10,000","$10,000 to $19,999","Less than $10,000","$10,000 to $19,999","Live with family","4","3","student","Arts Award","110",NA,NA,NA,NA,NA,"10",NA
"81",81,"2021-10-28 16:01:43","43.794097900390625","-79.70110321044921875","Female","18","Some college, no degree","American Indian or Alaska Native","Master's degree (e.g. MA, MS, MEd)","Doctorate or professional degree (e.g. MD, DDS, PhD)","Single (never married)","Student","0","Less than $10,000","$100,000 to $149,999","$10,000 to $19,999","$90,000 to $99,999","Live with family","7","4","Student","gotten awards, got into the best uni in the country","95",NA,NA,NA,NA,NA,"12",NA
"82",82,"2021-10-28 15:39:34","43.7617950439453125","-79.27030181884765625","Female","19","High school degree or equivalent (e.g. GED)","Asian","High school degree or equivalent (e.g. GED)","High school degree or equivalent (e.g. GED)","Single (never married)","Student","0","Less than $10,000","$60,000 to $69,999","$30,000 to $39,999",NA,"Own with no mortgage","7","7","student","got into university in a program I wanted","114",165.1,19.0102585691992,NA,NA,NA,"13",NA
"83",83,"2021-10-28 15:48:51","43.665496826171875","-79.42040252685546875","Female","18","High school degree or equivalent (e.g. GED)","White","Bachelor's degree (e.g. BA, BS)","Bachelor's degree (e.g. BA, BS)","Single (never married)","Student","0","$150,000 to $249,999","$150,000 to $249,999","$30,000 to $39,999","$60,000 to $69,999","Live with family","5","5","full-time student","Getting into university","190",160.02,33.7273630867837,NA,NA,NA,"13",NA
"84",84,"2021-10-28 16:01:15","43.88409423828125","-79.060699462890625","Female","18","High school degree or equivalent (e.g. GED)","Asian","Bachelor's degree (e.g. BA, BS)","Some college, no degree","Single (never married)","Student","0","$10,000 to $19,999","$30,000 to $39,999","Less than $10,000","$50,000 to $59,999","Live with family","5","6","student","getting accepted into the university I wanted","100",160.02,17.7512437298862,NA,NA,NA,"9",NA
"85",85,"2021-10-28 16:05:34","43.7274017333984375","-79.26039886474609375","Female","18","High school degree or equivalent (e.g. GED)","Asian","Master's degree (e.g. MA, MS, MEd)","Master's degree (e.g. MA, MS, MEd)","Single (never married)","Student","0","Less than $10,000","$70,000 to $79,999","Less than $10,000","$100,000 to $149,999","Live with family","6","3","student","I've participated in two 5k runs, I finished highschool with honours and an IB diploma","123",157.48,22.5440333578614,NA,NA,NA,"11",NA
"86",86,"2021-10-28 15:47:35","43.712493896484375","-79.48549652099609375","Female","47","Some college, no degree","Other","Master's degree (e.g. MA, MS, MEd)","Doctorate or professional degree (e.g. MD, DDS, PhD)","Single (never married)","Employed part time (up to 39 hours per week)","0","$50,000 to $59,999","$100,000 to $149,999","$50,000 to $59,999",NA,"Rent","4","8","student; project coordinator","valedictorian, developed and implemented province wide data collection tool and program, recruitment of physicians to province; taking care of my mom","180",157.48,32.9912683285777,NA,NA,NA,"12",NA
"87",87,"2021-10-28 15:08:41","43.791595458984375","-79.416900634765625","Female","18","High school degree or equivalent (e.g. GED)","Asian","Bachelor's degree (e.g. BA, BS)","Bachelor's degree (e.g. BA, BS)","Single (never married)","Student","0","Less than $10,000","$100,000 to $149,999","Less than $10,000","$1 million to $2 million","Live with family","2","7","Student","Valedictorian of Chinese School, Highest academic standing Human Development, perfect score for grade 12 U-level English, front-row dancer in ballet recitals.","100",NA,NA,NA,NA,NA,"13",NA
"88",88,"2021-10-28 16:38:24","43.6027984619140625","-79.6529998779296875","Female","18","High school degree or equivalent (e.g. GED)","White","Master's degree (e.g. MA, MS, MEd)","Bachelor's degree (e.g. BA, BS)","Single (never married)","Student","0","Less than $10,000","$150,000 to $249,999","$30,000 to $39,999","$2 million to $5 million","Rent","7","8","student","finishing high school","170",175.26,25.1571028814663,NA,NA,NA,"12",NA
"89",89,"2021-10-28 16:36:37","43.6638031005859375","-79.39990234375","Female","18","High school degree or equivalent (e.g. GED)","Asian","Associate degree (e.g. AA, AS)","Doctorate or professional degree (e.g. MD, DDS, PhD)","Single (never married)","Employed part time (up to 39 hours per week)","0","$10,000 to $19,999","$150,000 to $249,999","Less than $10,000","$500,000 to $1 million","Live with family","7","6","Karate instructor","Getting my third degree black belt, receiving the niesei veterans award, Duke of edinburgh award","110",162.56,18.9209362793726,NA,NA,NA,"13",NA
"90",90,"2021-10-28 17:23:23","49.2700042724609375","-122.779296875","Female","18","High school degree or equivalent (e.g. GED)","Asian","Some college, no degree","High school degree or equivalent (e.g. GED)","Single (never married)","Student","0","Less than $10,000","$30,000 to $39,999","Less than $10,000","$50,000 to $59,999","Live with family","5","2","Student and Part time worker","Acceptance of University, able to pay some of my own tuition","93",NA,NA,NA,NA,NA,"12",NA
"91",91,"2021-10-28 16:41:59","43.5751953125","-79.62960052490234375","Male","18","High school degree or equivalent (e.g. GED)","Black or African American","Master's degree (e.g. MA, MS, MEd)","Master's degree (e.g. MA, MS, MEd)","Single (never married)","Student","0","$10,000 to $19,999",NA,"Less than $10,000",NA,"Live with family","3","9","Student","Being named High School MVP in the 10th grade for basketball","161",162.56,27.6933703725362,NA,NA,NA,"10",NA
"92",92,"2021-10-28 17:15:33","43.669403076171875","-79.40180206298828125","Female","18","High school degree or equivalent (e.g. GED)","Asian","Master's degree (e.g. MA, MS, MEd)","Bachelor's degree (e.g. BA, BS)","Single (never married)","Student","0","Less than $10,000","$60,000 to $69,999","$10,000 to $19,999","$100,000 to $149,999","Rent","4","4","student","valedictorian, receiving highest average awards for most high school classes, cycled across town, having a collection of poetry/short stories","104",160.02,18.4612934790816,NA,NA,NA,"13",NA
"93",93,"2021-10-28 16:53:53","43.8112945556640625","-79.1880035400390625","Male","18","High school degree or equivalent (e.g. GED)","Other","Some college, no degree","Less than a high school diploma","Single (never married)","Student","0","Less than $10,000","$70,000 to $79,999","Less than $10,000","$250,000 to $499,999","Live with family","2","5","Student","1st in many sports events, MVP awards, Honour/Scholar","145",177.8,20.8488357607513,NA,NA,NA,"11",NA
"94",94,"2021-10-28 17:27:58","43.8112945556640625","-79.1880035400390625","Other","18","High school degree or equivalent (e.g. GED)","Asian","Bachelor's degree (e.g. BA, BS)","Master's degree (e.g. MA, MS, MEd)","Single (never married)","Student","0","Less than $10,000","$100,000 to $149,999","Less than $10,000","$500,000 to $1 million","Live with family","4","5","student","being someone's bisexual awakening, being able to communicate with my dad in a healthy way","97",157.48,17.7786279326224,NA,NA,NA,"11",NA
"95",95,"2021-10-28 17:55:52","43.669403076171875","-79.40180206298828125","Male","18","High school degree or equivalent (e.g. GED)","Asian","Bachelor's degree (e.g. BA, BS)","Bachelor's degree (e.g. BA, BS)","Single (never married)","Student","0","Less than $10,000","$100,000 to $149,999","$10,000 to $19,999","$30,000 to $39,999","Live with family","4","3","Student","Ontario scholar, honor roll for all 4 years of secondary school","130",182.88,17.6680347749023,NA,NA,NA,"12",NA
"96",96,"2021-10-28 14:46:38","43.6399993896484375","-79.4329986572265625","Female","21","High school degree or equivalent (e.g. GED)","Asian","High school degree or equivalent (e.g. GED)","Bachelor's degree (e.g. BA, BS)","Single (never married)","Employed part time (up to 39 hours per week)","0","$10,000 to $19,999","$80,000 to $89,999","Less than $10,000",NA,"Live with family","8","3","Cashier","university admission","120",NA,NA,NA,NA,NA,"12",NA
"97",97,"2021-10-28 17:16:09","43.88409423828125","-79.060699462890625","Female","19","High school degree or equivalent (e.g. GED)","Asian","High school degree or equivalent (e.g. GED)","High school degree or equivalent (e.g. GED)","Single (never married)","Student","0","Less than $10,000","$60,000 to $69,999","Less than $10,000","$1 million to $2 million","Live with family","6","7","student","maintained honour roll all throughout high school","144",172.72,21.9409057880714,NA,NA,NA,"10",NA
"98",98,"2021-10-28 16:57:09","43.878997802734375","-79.26380157470703125","Male","18","High school degree or equivalent (e.g. GED)","Asian","Master's degree (e.g. MA, MS, MEd)","Master's degree (e.g. MA, MS, MEd)","Single (never married)","Student","0","Less than $10,000","$70,000 to $79,999","Less than $10,000","$500,000 to $1 million","Live with family","1","6","Student","Honour Roll","154",NA,NA,"1500",NA,NA,"13",NA
"99",99,"2021-10-28 17:47:27","43.6638031005859375","-79.39990234375","Female","18","High school degree or equivalent (e.g. GED)","White","High school degree or equivalent (e.g. GED)","Master's degree (e.g. MA, MS, MEd)","Single (never married)","Student","0","Less than $10,000","$70,000 to $79,999","$60,000 to $69,999","$80,000 to $89,999","Live with family","7","6","student","Grade 8 valedictorian, scholarships from school,","164",162.56,28.2093959074282,NA,NA,NA,"11",NA
"100",100,"2021-10-28 18:17:09","43.701202392578125","-79.38770294189453125","Male","20","High school degree or equivalent (e.g. GED)","Asian","Less than a high school diploma","Less than a high school diploma","Single (never married)","Student","0","Less than $10,000","$100,000 to $149,999","$50,000 to $59,999",NA,"Rent","6","8","student","Ran 40 kilometers in a month, squatted 135 lbs,  reached immortal 3 (rank) in valorant (game) , annual GPA greater than 3.0 (4 scale).","165",170.18,25.8966880152517,NA,NA,NA,"13",NA
"101",101,"2021-10-28 18:06:23","43.6575927734375","-79.37979888916015625","Female","18","High school degree or equivalent (e.g. GED)","Asian","Master's degree (e.g. MA, MS, MEd)","Master's degree (e.g. MA, MS, MEd)","Single (never married)","Student","0","$50,000 to $59,999","$40,000 to $49,999","Less than $10,000","$2 million to $5 million","Live with family","5","5","student","finished a dance","99",165.1,16.5089087574625,"7",NA,NA,"11",NA
"102",102,"2021-10-28 20:00:58","43.6638031005859375","-79.39990234375","Female","18","High school degree or equivalent (e.g. GED)","Asian","Bachelor's degree (e.g. BA, BS)","Bachelor's degree (e.g. BA, BS)","Single (never married)","Student","0","Less than $10,000","$40,000 to $49,999","Less than $10,000","$250,000 to $499,999","Other","6","6","Student","Getting into a prestigious high school, getting a scholarship for university","110",160.02,19.5263681028748,"1490",NA,NA,"12",NA
"103",103,"2021-10-28 20:30:53","43.88409423828125","-79.060699462890625","Male","18","High school degree or equivalent (e.g. GED)","White","Some college, no degree","Some college, no degree","Single (never married)","Student","0","Less than $10,000","$90,000 to $99,999","$20,000 to $29,999","$100,000 to $149,999","Live with family","9","7","cohost","valedictorian","185",180.34,25.8562130079842,NA,NA,NA,"13",NA
"104",104,"2021-10-28 20:52:54","43.878997802734375","-79.26380157470703125","Female","18","High school degree or equivalent (e.g. GED)","Asian","Master's degree (e.g. MA, MS, MEd)","Bachelor's degree (e.g. BA, BS)","Single (never married)","Unemployed and currently looking for work","0","Less than $10,000",NA,"Less than $10,000",NA,"Own with mortgage","9","9","N/a","Honour roll, entrance scholarship","97",162.56,16.684825628174,NA,NA,NA,"13",NA
"105",105,"2021-10-28 20:55:03","41.7805938720703125","123.431396484375","Female","19","High school degree or equivalent (e.g. GED)","Asian","Some college, no degree","Some college, no degree","Single (never married)","Student","0","Less than $10,000","$100,000 to $149,999","$10,000 to $19,999","$2 million to $5 million","Live with family","5","5","student","finished a marathon","140",165.1,23.3459315762096,NA,NA,NA,"13",NA
"106",106,"2021-10-28 21:13:05","43.665496826171875","-79.42040252685546875","Female","19","High school degree or equivalent (e.g. GED)","Asian","Less than a high school diploma","Less than a high school diploma","Single (never married)","Student","0","Less than $10,000","Less than $10,000","$40,000 to $49,999","Less than $10,000","Rent","2","2","student","decide to go abroad on my own","132",170.18,20.7173504122014,NA,NA,NA,"13",NA
"107",107,"2021-10-28 21:58:52","22.290802001953125","114.15008544921875","Female","18","High school degree or equivalent (e.g. GED)","Asian","Bachelor's degree (e.g. BA, BS)","Bachelor's degree (e.g. BA, BS)","Single (never married)","Student","0","Less than $10,000","$30,000 to $39,999","Less than $10,000","$100,000 to $149,999","Live with family","4","5","Student","Volunteer in school","120",170.18,18.8339549201831,"1000",NA,NA,"12",NA
"108",108,"2021-10-28 20:51:55","30.0565032958984375","120.884185791015625","Female","19","High school degree or equivalent (e.g. GED)","Asian","Some college, no degree","Some college, no degree","Single (never married)","Student","0","$10,000 to $19,999","$90,000 to $99,999","$100,000 to $149,999","$5 million or more","Rent","6","6","student","Guzheng Grade10 certificate","101",165.1,16.842422065694,"1300",NA,NA,"12",NA
"109",109,"2021-10-28 21:51:58","43.7987060546875","-79.3218994140625","Female","18","High school degree or equivalent (e.g. GED)","Asian","Less than a high school diploma","Some college, no degree","Single (never married)","Student","0","Less than $10,000",NA,"$10,000 to $19,999",NA,"Live with family","5","4","student who works part time","I have received honor roll for three years in my high school and I have received 90% on my MATA29H3 term test.","110",157.48,20.1613306452419,NA,NA,NA,"13",NA
"110",110,"2021-10-28 21:59:46","43.6638031005859375","-79.39990234375","Female","19","High school degree or equivalent (e.g. GED)","Asian","Less than a high school diploma","High school degree or equivalent (e.g. GED)","Single (never married)","Student","0","Less than $10,000","$50,000 to $59,999","Less than $10,000","$60,000 to $69,999","Live with family","4","4","student","go to a college","132",162.56,22.7051235352471,NA,NA,NA,"11",NA
"111",111,"2021-10-28 23:21:09","45.5364990234375","-73.62419891357421875","Female","18","High school degree or equivalent (e.g. GED)","Asian","Bachelor's degree (e.g. BA, BS)","Some college, no degree","Single (never married)","Student","0","Less than $10,000","$60,000 to $69,999","Less than $10,000","$30,000 to $39,999","Live with family","6","5","student","honor roll in high school, partook in casual jobs","134",165.1,22.3453916515149,NA,NA,NA,"10",NA
"112",112,"2021-10-28 21:24:49","24.93890380859375","121.542205810546875","Male","20","Bachelor's degree (e.g. BA, BS)","Asian","Bachelor's degree (e.g. BA, BS)","Master's degree (e.g. MA, MS, MEd)","Single (never married)","Student","0","Less than $10,000","$70,000 to $79,999","$60,000 to $69,999","$100,000 to $149,999","Live with family","6","5","student","guitarist,pianist","170",NA,NA,NA,NA,NA,"12","12"
"113",113,"2021-10-29 00:10:49","43.666107177734375","-79.52899932861328125","Female","18","High school degree or equivalent (e.g. GED)","Asian","High school degree or equivalent (e.g. GED)","High school degree or equivalent (e.g. GED)","Single (never married)","Student","0","Less than $10,000","$40,000 to $49,999","Less than $10,000","$60,000 to $69,999","Live with family","6","4","Student","Getting into University of Toronto","104",162.56,17.8888852095886,NA,NA,NA,"12",NA
"114",114,"2021-10-29 00:21:24","43.665496826171875","-79.42040252685546875","Female","18","High school degree or equivalent (e.g. GED)","White","Bachelor's degree (e.g. BA, BS)","Bachelor's degree (e.g. BA, BS)","Single (never married)","Unemployed and currently looking for work","0","Less than $10,000",NA,"Less than $10,000",NA,"Live with family","7","7","Student","Valedictorian, Research Training, Heart and Stroke consultant, Trillium Health Partners volunteer, completion of a Harvard online course, honours all throughout high school, more awards in grade 9-12.","120",167.64,19.4090045079664,NA,NA,NA,"13",NA
"115",115,"2021-10-28 16:19:46","43.665496826171875","-79.42040252685546875","Male","18","High school degree or equivalent (e.g. GED)","Asian","Master's degree (e.g. MA, MS, MEd)","Bachelor's degree (e.g. BA, BS)","Single (never married)","Student","0","Less than $10,000","$70,000 to $79,999","$80,000 to $89,999","$250,000 to $499,999","Own with mortgage","5","6","student","finish the game with the highest score in the clan","123",160.02,21.83402978776,NA,NA,NA,"13",NA
"116",116,"2021-10-29 03:29:55","43.658905029296875","-79.38739776611328125","Male","20","Some college, no degree","Asian","Associate degree (e.g. AA, AS)","Bachelor's degree (e.g. BA, BS)","Single (never married)","Student","0","$20,000 to $29,999","$70,000 to $79,999","Less than $10,000","$60,000 to $69,999","Live with family","7","7","Student","Being National level of athletesStudent at unviersity of toronto","137",160.02,24.319203909944,"7",NA,NA,"10",NA
"117",117,"2021-10-29 03:50:38","25.2633056640625","55.3087005615234375","Male","18","High school degree or equivalent (e.g. GED)","Other","Bachelor's degree (e.g. BA, BS)","Bachelor's degree (e.g. BA, BS)","Single (never married)","Student","0","Less than $10,000","$50,000 to $59,999","Less than $10,000","$250,000 to $499,999","Rent","8","7","Student","Won a sports tournament, high school grades","152",172.72,23.1598449985198,NA,NA,NA,"13",NA
"118",118,"2021-10-29 04:37:02","43.666107177734375","-79.8065032958984375","Female","18","High school degree or equivalent (e.g. GED)","White","Some college, no degree","Some college, no degree","Single (never married)","Student","0","Less than $10,000","$50,000 to $59,999","Less than $10,000","$40,000 to $49,999","Live with family","4","4","student","receiving a high school diploma with honours","112",160.02,19.8813929774725,NA,NA,NA,"12",NA
"119",119,"2021-10-29 04:56:01","37.3072967529296875","-121.8076019287109375","Female","18","High school degree or equivalent (e.g. GED)","Asian","Master's degree (e.g. MA, MS, MEd)","Master's degree (e.g. MA, MS, MEd)","Single (never married)","Student","0","Less than $10,000",NA,"$40,000 to $49,999",NA,"Live with family","6","6","Student","Part of the school varsity team","132",195.58,15.6856444594994,NA,NA,NA,"12",NA
"120",120,"2021-10-29 05:19:53","22.851898193359375","113.653106689453125","Female","19","High school degree or equivalent (e.g. GED)","Asian","Master's degree (e.g. MA, MS, MEd)","Bachelor's degree (e.g. BA, BS)","Single (never married)","Student","0","Less than $10,000","$250,000 to $399,999","$10,000 to $19,999","$250,000 to $499,999","Own with no mortgage","4","6","student","dancing, piano playing","121",170.18,18.9909045445179,NA,NA,NA,"11",NA
"121",121,"2021-10-29 06:53:03","43.792205810546875","-79.1522979736328125","Male","19","Some college, no degree","Asian","Bachelor's degree (e.g. BA, BS)","Master's degree (e.g. MA, MS, MEd)","Single (never married)","Student","0","Less than $10,000",NA,"$40,000 to $49,999",NA,"Live with family","2","3","student","made a computer program that works","132",180.34,18.4487573894807,NA,NA,NA,"9",NA
"122",122,"2021-10-29 06:25:05","22.290802001953125","114.15008544921875","Female","20","High school degree or equivalent (e.g. GED)","Asian","Bachelor's degree (e.g. BA, BS)","Some college, no degree","Single (never married)","Student","0","Less than $10,000","$100,000 to $149,999","Less than $10,000","$250,000 to $499,999","Live with family","4","4","student","go to an university which I want to go, had a good relationship, doing my courses well","154",167.64,24.9082224518903,NA,NA,NA,"12",NA
"123",123,"2021-10-29 06:27:26","43.703399658203125","-79.30719757080078125","Female","20","High school degree or equivalent (e.g. GED)","Asian","Some college, no degree","Less than a high school diploma","Single (never married)","Employed part time (up to 39 hours per week)","0","$20,000 to $29,999","$70,000 to $79,999","Less than $10,000","$30,000 to $39,999","Rent","4","4","Post Office Clerk","Graduating high school with honors","110",160.02,19.5263681028748,"80",NA,NA,"12",NA
"124",124,"2021-10-29 01:01:09","43.675201416015625","-79.347198486328125","Female","18","High school degree or equivalent (e.g. GED)","Asian","High school degree or equivalent (e.g. GED)","High school degree or equivalent (e.g. GED)","Single (never married)","Employed part time (up to 39 hours per week)","0","$10,000 to $19,999","$40,000 to $49,999","$20,000 to $29,999","$40,000 to $49,999","Live with family","7","6","student, part-time sales associate","prime minister, won many sports awards and ribbons, top three for talent show, recognized at school art gallery","95",149.86,19.2277943251141,NA,NA,NA,"12",NA
"125",125,"2021-10-29 07:02:22","43.76800537109375","-79.214202880859375","Female","18","High school degree or equivalent (e.g. GED)","Asian","Less than a high school diploma","Associate degree (e.g. AA, AS)","Single (never married)","Student","0","$10,000 to $19,999","$10,000 to $19,999","$10,000 to $19,999","$20,000 to $29,999","Live with family","5","4","student","honours in highschool, have a job","172",162.56,29.5854640004735,NA,NA,NA,"11",NA
"126",126,"2021-10-29 07:27:39","43.860504150390625","-79.16179656982421875","Female","18","High school degree or equivalent (e.g. GED)","Other","Less than a high school diploma","Less than a high school diploma","Single (never married)","Employed part time (up to 39 hours per week)","0","$10,000 to $19,999",NA,"$10,000 to $19,999",NA,"Live with family","6","3","Part time Tim Hortons worker","20km bike ride, honor roll in highschool, passing my G1, getting my first job,","115",167.64,18.6002959868012,NA,NA,NA,"11",NA
"127",127,"2021-10-29 07:03:49","43.205596923828125","-81.03260040283203125","Female","18","High school degree or equivalent (e.g. GED)","White","Some college, no degree","Bachelor's degree (e.g. BA, BS)","Single (never married)","Student","0","$10,000 to $19,999","$150,000 to $249,999","$20,000 to $29,999","$1 million to $2 million","Live with family","2","7","student and farm manager","manager at 18 years of age well balancing first year university","165",175.26,24.4171880908349,NA,NA,NA,"12",NA
"128",128,"2021-10-29 08:36:09","43.4324951171875","-80.4994964599609375","Female","18","High school degree or equivalent (e.g. GED)","Asian","Some college, no degree","Doctorate or professional degree (e.g. MD, DDS, PhD)","Single (never married)","Employed part time (up to 39 hours per week)","0","Less than $10,000",NA,"Less than $10,000",NA,"Live with family","7","8","Student","Getting into uoft","112",157.48,20.5279002933372,NA,NA,NA,"12",NA
"129",129,"2021-10-29 09:51:18","43.878997802734375","-79.26380157470703125","Male","18","High school degree or equivalent (e.g. GED)","Asian","High school degree or equivalent (e.g. GED)","Bachelor's degree (e.g. BA, BS)","Single (never married)","Student","0","Less than $10,000","$60,000 to $69,999","Less than $10,000","$10,000 to $19,999","Live with family","6","7","barista",NA,"200",180.34,27.9526627113343,NA,NA,NA,"13",NA
"130",130,"2021-10-29 10:09:38","43.7617950439453125","-79.27030181884765625","Female","19","High school degree or equivalent (e.g. GED)","Asian","Master's degree (e.g. MA, MS, MEd)","Master's degree (e.g. MA, MS, MEd)","Single (never married)","Student","0","Less than $10,000","$10,000 to $19,999","Less than $10,000","$20,000 to $29,999","Live with family","1","4","Student","Valedictorian, President of Student Body, President of Math Club","110",149.86,22.2637618501321,"1540",NA,NA,"12",NA
"131",131,"2021-10-29 02:17:05","43.7693023681640625","-79.2444000244140625","Female","18","High school degree or equivalent (e.g. GED)","American Indian or Alaska Native","Some college, no degree","Bachelor's degree (e.g. BA, BS)","Single (never married)","Student","0","$70,000 to $79,999","$60,000 to $69,999","Less than $10,000","$30,000 to $39,999","Live with family","6","3","University student.","Soccer MVPs, indigenous academic awards, track and field awards, artistic awards, making my mom smile.","155",167.64,25.0699641561233,NA,NA,NA,"12",NA
"132",132,"2021-10-29 10:19:45","43.7281951904296875","-79.2322998046875","Male","18","High school degree or equivalent (e.g. GED)","Asian","Bachelor's degree (e.g. BA, BS)","Bachelor's degree (e.g. BA, BS)","Single (never married)","Student","0","$80,000 to $89,999","$100,000 to $149,999","$500,000 to $1 million","$500,000 to $1 million","Own with mortgage","6","4","Student","Honours student, published poet","195",177.8,28.0380894713552,NA,NA,NA,"13",NA
"133",133,"2021-10-29 12:55:04","43.6934051513671875","-79.4857025146484375","Female","18","High school degree or equivalent (e.g. GED)","Asian","Bachelor's degree (e.g. BA, BS)","Bachelor's degree (e.g. BA, BS)","Single (never married)","Student","0","Less than $10,000","$70,000 to $79,999","$10,000 to $19,999","$50,000 to $59,999","Live with family","9","7","Library Page","winning a scholarship, getting a job","128",162.56,22.0170894887244,NA,NA,NA,"13",NA
"134",134,"2021-10-28 19:14:43","43.860504150390625","-79.16179656982421875","Female","18","High school degree or equivalent (e.g. GED)","Asian","Master's degree (e.g. MA, MS, MEd)","High school degree or equivalent (e.g. GED)","Single (never married)","Student","0","Less than $10,000","$40,000 to $49,999","$150,000 to $249,999","$150,000 to $249,999","Own with mortgage","6","7","Student","Athletes award ,honor roll, employee of month, getting into university of Toronto","102",160.02,18.1062686044839,NA,NA,NA,"12",NA
"135",135,"2021-10-29 13:32:38","43.7489013671875","-79.44219970703125","Female","18","High school degree or equivalent (e.g. GED)","Asian","Bachelor's degree (e.g. BA, BS)","Bachelor's degree (e.g. BA, BS)","Single (never married)","Student","0","Less than $10,000","$40,000 to $49,999","$10,000 to $19,999","$250,000 to $499,999","Live with family","6","7","student","play the music from Liszt","132",162.56,22.7051235352471,NA,NA,NA,"10",NA
"136",136,"2021-10-29 16:56:41","43.6638031005859375","-79.39990234375","Female","18","Some college, no degree","Asian","Master's degree (e.g. MA, MS, MEd)","Master's degree (e.g. MA, MS, MEd)","Single (never married)","Student","0","$30,000 to $39,999",NA,"$30,000 to $39,999",NA,"Live with family","6","7","student","perfomed dance and piano in many places","103",160.02,18.2837810417827,NA,NA,NA,"13",NA
"137",137,"2021-10-29 19:05:57","43.795196533203125","-79.266998291015625","Female","18","High school degree or equivalent (e.g. GED)","Asian","Master's degree (e.g. MA, MS, MEd)","Master's degree (e.g. MA, MS, MEd)","Single (never married)","Student","0","Less than $10,000","$60,000 to $69,999","Less than $10,000","$500,000 to $1 million","Live with family","7","7","Sales associate","Being accepted into the University of Toronto, with an entrance average 90+%","145",162.56,24.9412341864456,NA,NA,NA,"13",NA
"138",138,"2021-10-29 18:32:32","43.6638031005859375","-79.39990234375","Female","20","High school degree or equivalent (e.g. GED)","Asian","Bachelor's degree (e.g. BA, BS)","Bachelor's degree (e.g. BA, BS)","Single (never married)","Student","0","Less than $10,000","$10,000 to $19,999","Less than $10,000","$20,000 to $29,999","Other","3","3","student","having prizes in mathematic and science exams in highschool, took courses on budybuilding and cycling","176",160.02,31.2421889645996,NA,NA,NA,"13",NA
"139",139,"2021-10-29 20:33:44","43.792205810546875","-79.1522979736328125","Male","18","High school degree or equivalent (e.g. GED)","Asian","Less than a high school diploma","Less than a high school diploma","Single (never married)","Student","0","Less than $10,000","$400,000 or more","$5 million or more","$5 million or more","Rent","9","9","student","completing highschool","145",172.72,22.0932731893775,NA,NA,NA,"12",NA
"140",140,"2021-10-28 18:53:20","43.752197265625","-79.32939910888671875","Female","18","High school degree or equivalent (e.g. GED)","Asian","Master's degree (e.g. MA, MS, MEd)","Master's degree (e.g. MA, MS, MEd)","Single (never married)","Student","0","Less than $10,000","$60,000 to $69,999","Less than $10,000","$20,000 to $29,999","Live with family","4","4","Student","Valedictorian, Honour Roll, Entrance and external scholarships, saved up for a phone, self-counseling","110",NA,NA,NA,NA,NA,"12",NA
"141",141,"2021-10-30 04:46:04","39.928497314453125","116.385009765625","Male","20","High school degree or equivalent (e.g. GED)","Asian","Bachelor's degree (e.g. BA, BS)","Bachelor's degree (e.g. BA, BS)","Single (never married)","Student","0","Less than $10,000","$20,000 to $29,999","$100,000 to $149,999","$50,000 to $59,999","Live with family","6","3","student","finished a marathon","135",182.88,18.347574573937,"1400",NA,NA,"13",NA
"142",142,"2021-10-30 11:15:45","43.7523956298828125","-79.56130218505859375","Female","18","High school degree or equivalent (e.g. GED)","Asian","Less than a high school diploma","Some college, no degree","Single (never married)","Student","0","Less than $10,000","$150,000 to $249,999","Less than $10,000","$20,000 to $29,999","Live with family","4","6","student","receiving the third highest average in grade 10, the over 30 trophies I won from Tamil competitions, getting accepted into UofT","149",160.02,26.4493531575304,NA,NA,NA,"13",NA
"143",143,"2021-10-28 16:08:35","43.688995361328125","-79.56349945068359375","Male","21","High school degree or equivalent (e.g. GED)","Other","Some college, no degree","Some college, no degree","Single (never married)","Employed full time (40 or more hours per week)","0","Less than $10,000","$70,000 to $79,999","Less than $10,000","$1 million to $2 million","Live with family","7","4","software engineer & student","from not knowing any coding to being the known as the best computer science student in a few months (during high school)","178",177.8,25.5937432097499,NA,NA,NA,"12",NA
"144",144,"2021-10-30 14:44:59","43.6652984619140625","-79.43430328369140625","Female","18","High school degree or equivalent (e.g. GED)","Asian","Less than a high school diploma","Less than a high school diploma","Single (never married)","Student","0","$10,000 to $19,999","$70,000 to $79,999","Less than $10,000",NA,"Own with mortgage","6","2","Student","Being the Vice President of Marketing at a Junior Achievement company, running a book club, being a marketing associate at MESA","102",157.48,18.6950520528607,NA,NA,NA,"13",NA
"145",145,"2021-10-29 15:00:43","43.7306060791015625","-79.42169952392578125","Female","21","Bachelor's degree (e.g. BA, BS)","Asian","Bachelor's degree (e.g. BA, BS)","Bachelor's degree (e.g. BA, BS)","Single (never married)","Student","0","Less than $10,000","$10,000 to $19,999","$20,000 to $29,999","$30,000 to $39,999","Live with family","4","3","student","N/A","140",180.34,19.566863897934,"1100",NA,NA,"10","7"
"146",146,"2021-10-30 17:54:11","44.965606689453125","-89.70659637451171875","Male","18","High school degree or equivalent (e.g. GED)","White","Bachelor's degree (e.g. BA, BS)","Doctorate or professional degree (e.g. MD, DDS, PhD)","Single (never married)","Employed part time (up to 39 hours per week)","0","Less than $10,000","$150,000 to $249,999","$50,000 to $59,999","$250,000 to $499,999","Live with family","9","9","cashier","2nd dan black belt, becoming an eagle scout","158",193.04,19.2725769485787,NA,NA,NA,"12",NA
"147",147,"2021-10-30 18:57:01","43.669403076171875","-79.40180206298828125","Female","21","Bachelor's degree (e.g. BA, BS)","White","Bachelor's degree (e.g. BA, BS)","Associate degree (e.g. AA, AS)","Single (never married)","Student","0","Less than $10,000","$80,000 to $89,999","$30,000 to $39,999","$1 million to $2 million","Rent","6","4","Student, Student brand ambassador","4.0 GPA Last couple semesters","110",162.56,18.9209362793726,NA,NA,NA,"11","7"
"148",148,"2021-10-31 10:28:52","43.792205810546875","-79.1522979736328125","Female","19","High school degree or equivalent (e.g. GED)","Other","High school degree or equivalent (e.g. GED)","High school degree or equivalent (e.g. GED)","Single (never married)","Student","0","Less than $10,000","$70,000 to $79,999","Less than $10,000","$80,000 to $89,999","Rent","7","6","student","swimming","149",165.1,24.8467414632516,"1200","152","157","13",NA
"149",149,"2021-10-31 06:29:30","35.8993072509765625","114.19720458984375","Female","19","High school degree or equivalent (e.g. GED)","Asian","Associate degree (e.g. AA, AS)","Some college, no degree","Single (never married)","Student","0","Less than $10,000","$400,000 or more","$500,000 to $1 million","$5 million or more","Live with family","8","8","Student","Student union official","121",165.1,20.1775551480097,NA,NA,NA,"12",NA
"150",150,"2021-10-31 20:41:00","43.878997802734375","-79.26380157470703125","Male","18","High school degree or equivalent (e.g. GED)","Asian","Bachelor's degree (e.g. BA, BS)","Bachelor's degree (e.g. BA, BS)","Single (never married)","Student","0","Less than $10,000","Less than $10,000","Less than $10,000","$250,000 to $499,999","Live with family","5","6","Student","Finished first in track and field, reasonably good grades, medals in musical performances","215",177.8,30.9137909555967,NA,NA,NA,"12",NA
"151",151,"2021-10-31 23:46:36","43.766998291015625","-79.18280029296875","Female","18","High school degree or equivalent (e.g. GED)","Asian","High school degree or equivalent (e.g. GED)","High school degree or equivalent (e.g. GED)","Single (never married)","Student","0","Less than $10,000","$20,000 to $29,999","$10,000 to $19,999","$20,000 to $29,999","Live with family","3","2","student","managed to achieve honor roll all of highschool","121",162.56,20.8130299073098,NA,NA,NA,"12",NA
"152",152,"2021-11-01 07:11:07","43.8112945556640625","-79.1880035400390625","Female","18","High school degree or equivalent (e.g. GED)","Black or African American","Bachelor's degree (e.g. BA, BS)","High school degree or equivalent (e.g. GED)","Single (never married)","Student","0","Less than $10,000","$70,000 to $79,999","Less than $10,000","$50,000 to $59,999","Live with family","6","7","receptionist","highschool diploma","126",165.1,21.0113384185886,NA,"160","167","11",NA
"153",153,"2021-11-01 10:40:48","43.6399993896484375","-79.4329986572265625","Female","19","High school degree or equivalent (e.g. GED)","White","Bachelor's degree (e.g. BA, BS)","Associate degree (e.g. AA, AS)","Single (never married)","Employed part time (up to 39 hours per week)","0","Less than $10,000","$80,000 to $89,999","$500,000 to $1 million","$1 million to $2 million","Live with family","6","7","student, activation assistant","won a medal in rhythmic gymnastics competition","110",165.1,18.3432319527361,NA,NA,NA,"12",NA
"154",154,"2021-11-01 14:45:25","23.7017974853515625","90.37420654296875","Female","18","High school degree or equivalent (e.g. GED)","Asian","Bachelor's degree (e.g. BA, BS)","High school degree or equivalent (e.g. GED)","Single (never married)","Student","0","Less than $10,000","$400,000 or more","$10,000 to $19,999","$2 million to $5 million","Live with family","9","8","student","Finishing high school with honours and high school diploma","116",157.48,21.2610395895279,NA,NA,NA,"13",NA
"155",155,"2021-11-01 19:27:30","43.688201904296875","-79.4539031982421875","Female","19","High school degree or equivalent (e.g. GED)","Asian","Master's degree (e.g. MA, MS, MEd)","Bachelor's degree (e.g. BA, BS)","Single (never married)","Student","0","Less than $10,000","Less than $10,000","$10,000 to $19,999","$50,000 to $59,999","Live with family","6","7","Student","Finished a marathon","180",162.56,30.9615320935187,"1100",NA,NA,"12",NA
"156",156,"2021-11-01 08:22:02","43.8677978515625","-79.4420013427734375","Female","18","High school degree or equivalent (e.g. GED)","Other","Master's degree (e.g. MA, MS, MEd)","Bachelor's degree (e.g. BA, BS)","Single (never married)","Student","0","Less than $10,000","$80,000 to $89,999","Less than $10,000","$250,000 to $499,999","Live with family","5","3","Student, receptionist","played for Ontario volleyball association, honour roll","110",165.1,18.3432319527361,NA,NA,NA,"13",NA
